{
    "keep": {
        "days": false,
        "amount": 30
    },
    "auditLog": "C:\\Dev\\Node-TypeScript\\Toosie\\src\\logs\\error\\.da291cb5b3167d2c86c997be68f984cab791f441-audit.json",
    "files": [
        {
            "date": 1629118560942,
            "name": "C:\\Dev\\Node-TypeScript\\Toosie\\src\\logs\\error\\2021-08-16.log",
            "hash": "dabf643300f312089df69bbd2be5cadb"
        },
        {
            "date": 1629199923329,
            "name": "C:\\Dev\\Node-TypeScript\\Toosie\\src\\logs\\error\\2021-08-17.log",
            "hash": "86d8661390648f2578348c0948851975"
        }
    ]
}