{
    "keep": {
        "days": false,
        "amount": 30
    },
    "auditLog": "C:\\Dev\\Node-TypeScript\\Toosie\\src\\logs\\debug\\.6f11a5c08009411c0336cd5c59ed4ffa3f172d19-audit.json",
    "files": [
        {
            "date": 1629118560931,
            "name": "C:\\Dev\\Node-TypeScript\\Toosie\\src\\logs\\debug\\2021-08-16.log",
            "hash": "8969dd9c9dd9f84bc15ed18fd5d687de"
        },
        {
            "date": 1629199898230,
            "name": "C:\\Dev\\Node-TypeScript\\Toosie\\src\\logs\\debug\\2021-08-17.log",
            "hash": "5f054716d982b8b367a05e3003326e72"
        }
    ]
}